"STAR_IDX","star_name","Distance (Lightyears)","Temperature","Relative Mass","radius","STAR LUMINOSITY","STAR TYPE"
7852,"Cor Caroli",1107.67,3083,0.09822,0.40431,0.02042,"M:1:V"
3770,"Bubup",50.2,3134,0.40195,0.57787,0.00642,"M:2:V"
4726,"Obsidian Whispers",669.36,4493,0.74226,0.76697,0.12146,"K:3:V"
6285,"Kang",62.87,5242,0.86329,1.08096,1.07711,"G:4:V"
8481,"Scarabian Veil",887.064,5543,0.96943,1.0673,1.42034,"G:4:V"
5413,"Asterion Enigma",1001.1,2758,0.24094,0.15783,0.00413,"M:6:V"
3055,"Dschubba",677.599,2857,0.24443,0.39352,0.06203,"M:3:V"
3812,"Galaxaraith",556.266,3808,0.79403,0.91042,0.59782,"K:2:V"
5513,"Kaze Horizon",23.28,4229,0.71836,0.7457,0.14548,"K:5:V"
4159,"Canopus",1252.13,5294,0.80233,1.05356,1.49081,"G:4:V"
6266,"Ma'at's Silence",49.8063,2529,0.18843,0.16256,0.04394,"M:5:V"
308,"Nile Celestial",859.919,3146,0.1661,0.39714,0.06931,"M:2:V"
3638,"Nebulith",480.869,2770,0.30756,0.34439,0.01669,"M:0:V"
1512,"Franz",31.395,4553,0.48587,0.86657,0.09617,"K:0:V"
4614,"Nihal",343,3932,0.73775,0.87999,0.58532,"K:5:V"
3080,"Chaophraya",395.58,3850,0.49516,0.72137,0.1963,"K:2:V"
4318,"Almaaz",869.5,2592,0.38813,0.61379,0.03176,"M:5:V"
4000,"Zaniah",742.16,2509,0.21315,0.11015,0.03069,"M:4:V"
4768,"Celestial Cascade",799.699,2435,0.39967,0.23287,0.05603,"M:8:V"
5153,"Jabbah",892,4798,0.56044,0.89112,0.48348,"K:1:V"
4881,"Novaflame",19.89,3756,0.77488,0.86502,0.51106,"K:1:V"
8842,"Ogma",1152.7378,2470,0.09906,0.09999,0.02993,"M:2:V"
1768,"Kurhah",472.947,2562,0.30385,0.04953,0.00527,"M:4:V"
1973,"Dracoara",1011.63,2407,0.14571,0.53543,0.05381,"M:5:V"
7171,"Obelisk Beacon",10.706,4555,0.47967,0.70693,0.47038,"K:1:V"
464,"Stormrider",691.04,2586,0.32073,0.2932,0.00301,"M:5:V"
273,"Zenithrax",112.7,4322,0.5236,0.86795,0.58154,"K:2:V"
7079,"Alfirk",557.134,3905,0.65189,0.7867,0.51791,"K:7:V"
5957,"Astraflux",406,5378,0.85052,1.069,1.0337,"G:2:V"
6381,"Solaraether",923.551,5222,0.93552,1.13416,1.01354,"G:5:V"
4084,"Thoth's Nebula",1847.75,3098,0.08745,0.62089,0.01003,"M:0:V"
9753,"Astroflux",1076.48,3940,0.51888,0.94464,0.51804,"K:3:V"
6924,"Fawaris",918.88,2847,0.43482,0.19558,0.0425,"M:2:V"
9185,"Exoplantra",381,3222,0.22803,0.22949,0.00063,"M:0:V"
5074,"Aegis Cryptic",202.51,2828,0.20297,0.60685,0.07882,"M:3:V"
3141,"Sheratan",10.53,2784,0.19998,0.38501,0.00886,"M:3:V"
3749,"Pulsar Radiance",1046.03,3210,0.34663,0.40308,0.07716,"M:2:V"
723,"Cosmic Cascade",38.9,2993,0.30822,0.2503,0.02925,"M:2:V"
6466,"Spectronix",1275.35,4615,0.47512,0.75666,0.18747,"K:3:V"
9066,"Asterope",513.769,2638,0.35952,0.35671,0.03951,"M:3:V"
8424,"Abyssal Echo",421.745,2452,0.09692,0.53761,0.03171,"M:3:V"
2370,"Kagayaki Celestial",235,2923,0.38872,0.47574,0.00908,"M:3:V"
1918,"Sumi Cascade",552.029,4314,0.49959,0.71541,0.51136,"K:2:V"
7057,"Starlight Haven",219,3889,0.47455,0.75483,0.24534,"K:6:V"
6143,"Spectral Serenity",1191.33,4653,0.50306,0.9517,0.31528,"K:2:V"
4341,"Cosmaraith",1055.19,3768,0.52107,0.71981,0.45987,"K:0:V"
4202,"Lionrock",44.7,4277,0.55425,0.92908,0.22354,"K:5:V"
1192,"Quasar Seraph",643.666,4772,0.52571,0.93202,0.52021,"K:2:V"
6268,"Ainalrami",776.92,3025,0.31374,0.47807,0.03102,"M:1:V"
9507,"Koi's Whisper",806.07,2527,0.33747,0.4785,0.01365,"M:2:V"
2801,"Sham",51.7,2419,0.16618,0.11735,0.00415,"M:3:V"
9238,"Astrophia",48.36,4038,0.78318,0.92164,0.08082,"K:3:V"
872,"Mikado Serenity",421.408,3171,0.36823,0.61557,0.06772,"M:2:V"
5573,"Cryptic Mirage",283.53,2863,0.15986,0.09165,0.05582,"M:1:V"
8987,"Spectral Threshold",11.2183,5355,1.00759,0.9887,1.02423,"G:4:V"
8990,"Nebulous Enigma",512.033,3864,0.64364,0.70798,0.25529,"K:2:V"
3644,"Násti",202.59,2408,0.10005,0.18688,0.04738,"M:7:V"
8306,"Brachium",147.7,2683,0.35878,0.55771,0.01496,"M:2:V"
2825,"Lunarisys",193,5405,0.92108,1.08427,0.70098,"G:5:V"
4582,"Cosmic Gaze",890.234,2746,0.35813,0.32693,0.03291,"M:2:V"
3717,"Torcular",473.709,3356,0.30419,0.13287,0.05146,"M:2:V"
9468,"Alzirr",5100,4574,0.77065,0.78095,0.20873,"K:2:V"
5325,"Menkent",131,4036,0.5494,0.70741,0.44274,"K:3:V"
1865,"Albireo",904.702,2713,0.1254,0.15223,0.06082,"M:1:V"
1428,"Libertas",343.926,2415,0.39859,0.21352,0.07965,"M:1:V"
6,"Vesperian Crypt",80.62,4293,0.57016,0.95621,0.57474,"K:5:V"
2750,"Muliphein",453.567,2534,0.22051,0.21958,0.04223,"M:7:V"
3869,"Aniara",196.01,2452,0.18955,0.50847,0.01124,"M:5:V"
7322,"Rigil Kentaurus",2800,2976,0.37882,0.12869,0.00716,"M:2:V"
1564,"Dracothra",837.24,2802,0.16012,0.2672,0.03792,"M:5:V"
2634,"Thuban",7.61778,2951,0.32341,0.60504,0.02494,"M:4:V"
6196,"Auroraflame",766,2957,0.15391,0.66773,0.05742,"M:4:V"
7702,"Sheliak",3930,2638,0.43333,0.12818,0.02231,"M:7:V"
9978,"Ebon Labyrinth",25.5,2888,0.44989,0.44478,0.06561,"M:5:V"
382,"Stellae Abyss",661.72,2481,0.23026,0.46956,0.00901,"M:6:V"
1213,"Ruchbah",53,3180,0.22902,0.68562,0.05352,"M:3:V"
2371,"Whalecaller",1011.33,3337,0.26591,0.17034,0.06414,"M:1:V"
7586,"Nebulonara",1140.51,2890,0.36271,0.00865,0.01516,"M:4:V"
4885,"Hotaru Ascendance",1242.7,5580,1.03553,0.96885,1.35688,"G:2:V"
1283,"Wurren",57.1,3015,0.40314,0.33135,0.04348,"M:1:V"
5751,"Heliconian Whispers",645,2578,0.30861,0.06221,0.04071,"M:2:V"
5937,"Bastet's Mirage",660,2629,0.19607,0.22579,0.02785,"M:6:V"
355,"Shaula",1057.98,3162,0.36587,0.51516,0.0583,"M:1:V"
8410,"Koi Horizon",710.227,2696,0.15286,0.49829,0.02587,"M:0:V"
4752,"Emiw",499.027,2471,0.1069,0.16486,0.00245,"M:3:V"
9766,"Nebulous Silence",811.74,4037,0.69232,0.84682,0.21865,"K:6:V"
6061,"Dofida",160.125,2769,0.44942,0.22075,0.01386,"M:4:V"
7886,"Chalawan",107.6,2959,0.2572,0.22382,0.06581,"M:2:V"
7598,"Rotanev",188.7,2952,0.34947,0.0758,0.02266,"M:5:V"
479,"Scarab Expanse",776.55,2414,0.36834,0.64927,0.04837,"M:1:V"
826,"Ignifera",129.8,2674,0.33977,0.40404,0.05133,"M:0:V"
9889,"Algieba",454,2650,0.13618,0.01063,0.04698,"M:5:V"
3053,"Cosmosith",560,5290,0.82392,0.98425,0.6761,"G:2:V"
9005,"Mönch",64.98,2925,0.14915,0.01793,0.05137,"M:3:V"
475,"Solaris Shroud",400.8,2586,0.15851,0.34494,0.0498,"M:3:V"
1600,"Asellus Borealis",27.9956,2603,0.25697,0.51997,0.02596,"M:7:V"
5583,"Whalebone",7580,2954,0.39501,0.11912,0.03355,"M:5:V"
2608,"Kōri Resonance",561.987,4206,0.55638,0.79265,0.16354,"K:5:V"
7318,"Skybreaker",414,4529,0.55214,0.82292,0.19632,"K:3:V"
3371,"Athebyne",1287.1,4529,0.5505,0.82214,0.56645,"K:3:V"
2061,"Kiseki Expanse",305.193,4134,0.77896,0.71367,0.36952,"K:5:V"
5572,"Nebulosys",747,2453,0.14049,0.49674,0.05563,"M:5:V"
3960,"Quantum Mirage",396.102,4391,0.53545,0.95628,0.19913,"K:2:V"
8033,"Geisha's Whisper",496,2920,0.32866,0.09799,0.03789,"M:4:V"
3566,"Celestrium",41.4,2654,0.1656,0.04119,0.02506,"M:4:V"
874,"Infinite Whispers",483,3945,0.59875,0.76517,0.53868,"K:2:V"
7307,"Moriah",4.47,4196,0.58844,0.7175,0.43098,"K:6:V"
4576,"Larawag",495.55,2683,0.29396,0.18918,0.029,"M:5:V"
9103,"Uklun",1424.3,2785,0.25879,0.05195,0.03968,"M:5:V"
6245,"Inazuma Shadows",1059.76,3202,0.12775,0.52151,0.05322,"M:3:V"
6393,"Unurgunite",365.698,3911,0.5745,0.81261,0.11545,"K:5:V"
1225,"Galactrix",923.446,3218,0.20073,0.06847,0.04108,"M:3:V"
4543,"Nenque",7900,4420,0.77744,0.88729,0.2793,"K:0:V"
3692,"Koi's Ascendance",98.2,2494,0.13807,0.66377,0.07814,"M:1:V"
5294,"Belel",35.87,2905,0.17721,0.66665,0.00635,"M:4:V"
4173,"Stellarnox",15.62,2488,0.16623,0.23613,0.05949,"M:7:V"
2439,"Alhena",1035.2,2519,0.21058,0.33721,0.04581,"M:4:V"
576,"Rapeto",956.938,2775,0.371,0.14971,0.07745,"M:2:V"
1033,"Rastaban",293,2571,0.0949,0.11879,0.04593,"M:2:V"
4478,"Pincoya",567.45,3941,0.58015,0.84353,0.42022,"K:2:V"
9683,"Moldoveanu",602.79,2807,0.16991,0.11859,0.04176,"M:3:V"
2925,"Zephyriax",360.3,2403,0.42039,0.13948,0.07415,"M:2:V"
2518,"Aldebaran",844.096,2464,0.13185,0.04031,0.0285,"M:4:V"
1930,"Ecliptix",220,3944,0.60087,0.84753,0.35529,"K:7:V"
553,"Fjordr",266,2727,0.29338,0.38678,0.07409,"M:2:V"
1815,"Dabih",1224.44,3041,0.34135,0.07002,0.04695,"M:4:V"
4408,"Yozora",667.405,3118,0.39561,0.29386,0.07822,"M:2:V"
1590,"Okab",835.455,2461,0.43048,0.62684,0.01897,"M:5:V"
8734,"Solaraflux",357,2452,0.10204,0.53622,0.04882,"M:6:V"
358,"Olympian Flux",871.08,2406,0.29012,0.66446,1e-05,"M:8:V"
2465,"Skaldspark",1253.43,2840,0.38597,0.32194,0.00951,"M:3:V"
9995,"Marfik",804.74,5200,0.99213,1.13106,1.30146,"G:5:V"
7837,"Koit",568.09,4129,0.51273,0.83899,0.20999,"K:6:V"
6039,"Aspidiske",104,3849,0.50799,0.82324,0.44109,"K:7:V"
7697,"Syrma",970.497,2416,0.41509,0.44409,0.04021,"M:2:V"
8533,"Segin",57.3063,2598,0.08751,0.21102,0.06946,"M:3:V"
6969,"Anubis Serenity",339.605,2537,0.21066,0.14584,0.01039,"M:6:V"
7582,"Novaflare",367.56,3803,0.78869,0.71062,0.34411,"K:2:V"
9879,"Astrobane",28.98,3701,0.59755,0.83018,0.42306,"K:3:V"
143,"Cosmoflare",437.063,3766,0.79847,0.88538,0.52684,"K:5:V"
3797,"Ankaa",1016.85,2456,0.0997,0.20117,0.04149,"M:7:V"
9106,"Alula Australis",1049.43,2579,0.39556,0.06477,0.07415,"M:7:V"
3255,"Photonara",261.602,2724,0.30163,0.32576,0.04533,"M:0:V"
8281,"Sulafat",484.3,4410,0.77912,0.88269,0.24158,"K:2:V"
3036,"Ignitionix",680.33,3849,0.53647,0.7906,0.14046,"K:6:V"
8400,"Skjoldr",465.992,3980,0.755,0.86229,0.34095,"K:4:V"
8762,"Mahasim",833.056,3726,0.71973,0.86572,0.09175,"K:0:V"
3553,"Icarian Cipher",884.799,2565,0.33681,0.16891,0.07355,"M:1:V"
6989,"Eonara",589.9,3214,0.10296,0.14124,0.03486,"M:3:V"
3014,"Nebulium",960,3166,0.10608,0.64974,0.00328,"M:1:V"
8725,"Ra's Ascendance",886.054,2478,0.18833,0.51585,0.02947,"M:4:V"
3646,"Ukiyo Reverie",330,4436,0.73884,0.93765,0.50569,"K:3:V"
2890,"Kaze Celestial",27.39,2475,0.44417,0.01147,0.04318,"M:2:V"
9848,"Astral Whisper",583.976,2510,0.36774,0.0816,0.01841,"M:2:V"
9463,"Rosaliadecastro",15.83,2450,0.11489,0.22572,0.06211,"M:4:V"
4329,"Tarf",423.513,2503,0.42542,0.08847,0.07134,"M:5:V"
7392,"Lesath",436.967,3051,0.42381,0.44472,0.07199,"M:2:V"
7939,"Phantasmal Echo",213,2774,0.2659,0.49946,0.02704,"M:4:V"
8833,"Pharaoh's Veil",4310,4499,0.54172,0.89024,0.19562,"K:2:V"
8034,"Ronin's Enigma",365,2848,0.27121,0.44805,0.00661,"M:4:V"
9901,"Xuange",343.9,3812,0.56199,0.91911,0.44717,"K:3:V"
8160,"Meissa",583,4353,0.45344,0.86652,0.47308,"K:5:V"
9668,"Dziban",935.366,3081,0.28264,0.06297,0.07196,"M:1:V"
3798,"Aetherion",114,2813,0.13777,0.58723,0.07057,"M:2:V"
5256,"Cerulean Cryptic",4.98,3269,0.35061,0.57654,0.03313,"M:2:V"
6747,"Tania Australis",340,3736,0.56553,0.82735,0.4836,"K:5:V"
8580,"Lusitânia",894.214,2866,0.22125,0.66562,0.02338,"M:3:V"
3249,"Biham",452.612,2554,0.21149,0.10276,0.00169,"M:2:V"
7175,"Rōka",678.426,2917,0.11846,0.03326,0.01051,"M:0:V"
3041,"Nebulion",539.35,2748,0.44628,0.48202,0.03977,"M:3:V"
566,"Astraflame",1238.24,2561,0.32744,0.5927,0.05829,"M:1:V"
7495,"Hoshizora Seraph",912.659,2965,0.16741,0.37784,0.07456,"M:4:V"
1857,"Kōkei Labyrinth",964.878,2952,0.09696,0.27128,0.02622,"M:5:V"
5509,"Aetherial Mirage",901.5,5606,0.91354,1.0121,1.42069,"G:2:V"
5336,"Deneb Algedi",425.116,4603,0.60332,0.84039,0.58412,"K:3:V"
8184,"Nembus",1667.22,2487,0.2341,0.07882,0.01807,"M:6:V"
398,"Arkab Prior",320.935,3408,0.30093,0.19029,0.05749,"M:2:V"
1809,"Polaris Australis",284,2769,0.21715,0.58467,0.02959,"M:5:V"
2604,"Castula",66.9071,3112,0.15602,0.36667,0.03539,"M:3:V"
6965,"Tiaki",580.316,2772,0.24978,0.68339,0.00064,"M:2:V"
4151,"Thoth's Radiance",1646.09,3500,0.23003,0.6313,0.01595,"M:1:V"
2876,"Edasich",744.269,3342,0.08598,0.6171,0.06907,"M:0:V"
5479,"Meleph",597.943,2700,0.15143,0.32933,0.03113,"M:4:V"
8079,"Ankh Horizon",894.5,3756,0.73074,0.76671,0.31788,"K:7:V"
306,"Formosa",281.231,2693,0.28226,0.66791,0.07125,"M:3:V"
2547,"Nushagak",1443.09,3243,0.28482,0.43586,0.07232,"M:2:V"
462,"Eaglecrest",386.384,3048,0.0955,0.33698,0.03917,"M:2:V"
3578,"Hamal",292.338,3320,0.4371,0.07939,0.0773,"M:2:V"
1348,"Alula Borealis",502.134,2465,0.17931,0.04151,0.06479,"M:1:V"
8487,"Algorab",645.245,5553,1.02152,0.96011,0.81185,"G:5:V"
4424,"Quantumith",416.008,3978,0.56611,0.94733,0.54651,"K:2:V"
1260,"Cosmara",233.4,3924,0.46916,0.94574,0.10765,"K:2:V"
1016,"Solarflarex",1361.66,4081,0.48452,0.9443,0.13679,"K:6:V"
9542,"Ankh Seraph",358.41,2967,0.18918,0.58152,0.07333,"M:4:V"
3750,"Elysian Anomaly",972.668,3505,0.31567,0.1616,0.01385,"M:1:V"
1583,"Starlight Whisper",250.489,5614,0.9374,1.01924,1.05096,"G:4:V"
1294,"Nahn",1331.25,3510,0.31262,0.61394,0.04118,"M:1:V"
394,"Mesarthim",362.087,2634,0.29272,0.09105,0.02148,"M:7:V"
4164,"Mirzam",1260.4,5356,1.01827,1.14063,0.9936,"G:5:V"
6372,"Kaus Media",32.56,5552,0.87038,1.07915,1.30597,"G:2:V"
1008,"Solstara",21.11,3067,0.30432,0.58583,0.03219,"M:2:V"
9044,"Skat",64.5997,2803,0.31645,0.60456,0.02407,"M:5:V"
8912,"Tureis",631.7,3899,0.70074,0.80479,0.36771,"K:5:V"
2110,"Rasalgethi",593.472,5564,0.86424,1.01657,1.28948,"G:2:V"
6571,"Nebularian",292.287,5245,0.88688,1.11858,1.33011,"G:2:V"
4394,"Nebula Nova",18.27,3051,0.13952,0.49391,0.0682,"M:0:V"
5928,"Tevel",679.117,3820,0.51375,0.84651,0.52361,"K:7:V"
6975,"Vortexith",122.3,2532,0.38235,0.28151,0.07472,"M:8:V"
9586,"Starlight Shroud",807.28,4003,0.65974,0.94013,0.11065,"K:7:V"
7871,"Galaxium",855.82,5287,0.98971,0.96629,1.4576,"G:2:V"
9871,"Minelauva",190,2922,0.34859,0.53076,0.05777,"M:5:V"
4525,"Torii Shadows",343.99,3868,0.54785,0.95008,0.21341,"K:3:V"
9532,"Atik",1358.51,2826,0.41283,0.07669,0.07339,"M:2:V"
1222,"Absolutno",31.49,2925,0.33313,0.32455,0.01335,"M:2:V"
9400,"Seth's Enigma",255.9,4671,0.78999,0.77109,0.5054,"K:2:V"
3538,"Sakura's Labyrinth",284.3,2484,0.24114,0.52743,0.07203,"M:5:V"
8261,"Yami Silence",968.429,3142,0.27229,0.01626,0.05314,"M:3:V"
5671,"Kamuy",46.75,2449,0.31601,0.34504,0.00036,"M:2:V"
6536,"Zephyrianix",417,3335,0.27078,0.00812,0.0793,"M:0:V"
9423,"Alshat",726.97,2689,0.31517,0.22095,0.05388,"M:2:V"
5598,"Cerulean Abyss",692.857,5330,0.80202,1.13971,1.17428,"G:5:V"
1119,"Nebula Mirage",223.229,3280,0.3257,0.47741,0.07642,"M:2:V"
4565,"Galacticon",159.388,3016,0.09236,0.597,0.03266,"M:2:V"
4803,"Starshara",28.49,2880,0.40003,0.68777,0.00335,"M:0:V"
7884,"Acamar",622,3001,0.10139,0.35491,0.07161,"M:2:V"
9200,"Algedi",661.244,2578,0.42506,0.08612,0.01229,"M:7:V"
6257,"Ebon Cosmos",28.47,3964,0.6035,0.81464,0.57263,"K:3:V"
6446,"Starglow Spectra",18.2,3876,0.61258,0.73732,0.55584,"K:5:V"
6801,"Phantasmal Abyss",63,2520,0.3852,0.46911,0.06239,"M:3:V"
54,"Astrum Quasar",265.15,2569,0.0919,0.50524,0.06529,"M:3:V"
4735,"Atlas",28.93,2786,0.42155,0.63164,0.03422,"M:3:V"
6785,"Bharani",461.361,2844,0.23786,0.36375,0.04775,"M:3:V"
7442,"Astral Mirage",738.716,2935,0.1767,0.37072,0.06204,"M:3:V"
7595,"Ra's Echo",151.731,2989,0.28086,0.45966,0.02965,"M:2:V"
9784,"Thunderforge",11,4120,0.49201,0.88827,0.27002,"K:0:V"
9627,"Umbral Silence",1307,3023,0.32561,0.38505,0.04201,"M:2:V"
7434,"Astral Echo",1179.66,2651,0.09453,0.66108,0.01983,"M:4:V"
1524,"Nebula Radiance",9.4152,4118,0.5546,0.82832,0.32247,"K:2:V"
5348,"Ravenshadow",576.181,5775,0.93808,1.12381,1.01038,"G:2:V"
3474,"Phantara",667.022,2961,0.44224,0.33423,0.07234,"M:3:V"
6901,"Alkarab",26.12,2627,0.23953,0.28417,0.05883,"M:4:V"
2566,"Inari's Threshold",14.24,4070,0.49884,0.74422,0.19599,"K:2:V"
5062,"Dracozen",709.019,4192,0.5845,0.82434,0.12488,"K:6:V"
9645,"Amun-Ra Mirage",1204.82,2924,0.21024,0.64142,0.03951,"M:0:V"
3213,"Solaris",942.863,2738,0.24706,0.45634,0.07024,"M:6:V"
1363,"Lunacraze",905.825,3303,0.19726,0.01243,0.0077,"M:2:V"
6874,"Astrobix",1336.21,2783,0.37024,0.21021,0.04928,"M:3:V"
2521,"Izar",841.893,2442,0.26509,0.61954,0.05997,"M:8:V"
6430,"Maasym",1086.1301,3318,0.24132,0.28071,0.0466,"M:2:V"
1411,"Algenib",1386.19,2702,0.21038,0.68682,0.06595,"M:5:V"
8687,"Baekdu",4.54,2529,0.34099,0.394,0.04655,"M:7:V"
6485,"Palladium Shroud",926,2584,0.22364,0.27091,0.06365,"M:6:V"
1969,"Zavijava",138.4,3172,0.14768,0.29167,0.06281,"M:3:V"
5835,"Shogun's Echo",1482.36,2847,0.34395,0.22657,0.07982,"M:5:V"
2330,"Tsukiyo",7100,2608,0.24109,0.11741,0.03256,"M:6:V"
6616,"Solarionara",523.067,4581,0.49821,0.82955,0.52242,"K:3:V"
8905,"Kitalpha",1513.02,4408,0.51082,0.7456,0.55962,"K:4:V"
636,"Sadalmelik",27.46,2803,0.10146,0.091,0.01727,"M:2:V"
9581,"Gloas",4410,3310,0.22101,0.61182,0.02643,"M:2:V"
8370,"Mpingo",920,3143,0.37082,0.59239,0.05867,"M:2:V"
9599,"Anadolu",773.13,2639,0.21265,0.53012,0.03934,"M:5:V"
2086,"Horus' Resonance",1047,2432,0.29312,0.08657,0.04657,"M:6:V"
2498,"Enif",313.6,2968,0.15655,0.18671,0.00846,"M:2:V"
7758,"Eternal Murmurs",125.1,2658,0.44692,0.48701,0.01852,"M:4:V"
9169,"Tsubasa Echoes",94,2978,0.36441,0.17078,0.05789,"M:5:V"
5362,"Giausar",637.024,2467,0.28757,0.33103,0.05485,"M:0:V"
9662,"Quanticara",46.35,3392,0.34756,0.17281,0.01217,"M:0:V"
9435,"Praecipua",1387.37,2566,0.24565,0.54947,0.07026,"M:1:V"
316,"Caph",674.627,2763,0.25021,0.05435,0.01254,"M:5:V"
1116,"Aldhanab",7730,2482,0.25693,0.63663,0.07216,"M:7:V"
9236,"Azha",78.9,2689,0.17628,0.66582,0.00905,"M:0:V"
9510,"Siriusnova",25.88,3085,0.36843,0.69043,0.02967,"M:4:V"
3071,"Oborozuki",137.59,4052,0.58852,0.89153,0.29335,"K:0:V"
4782,"Galactic Ember",310.6,3062,0.18106,0.3046,0.0235,"M:1:V"
1242,"Geisha's Echo",506,2590,0.34678,0.04668,0.03787,"M:2:V"
5030,"Stellar Whisper",345,4336,0.68915,0.9539,0.32648,"K:5:V"
7078,"Homam",9.5747,2478,0.294,0.24332,0.01885,"M:6:V"
3806,"Kasumi",32.48,3343,0.25655,0.5415,0.03722,"M:2:V"
1199,"Dubhe",675.18,3403,0.32906,0.20015,0.03455,"M:0:V"
3699,"Itonda",113.6,2976,0.21653,0.17698,0.01564,"M:0:V"
7444,"Kiri Horizon",195.2,3536,0.16709,0.64796,0.02415,"M:1:V"
9983,"Aurora Anomaly",131.139,2553,0.16152,0.65332,0.02827,"M:7:V"
565,"Aegis Obscura",35.7,3149,0.24007,0.08452,0.05054,"M:2:V"
8046,"Geisha's Mirage",476,2794,0.39157,0.01104,0.01703,"M:6:V"
732,"Ma'at's Celestial",126,2411,0.26984,0.27458,0.05235,"M:3:V"
2705,"Isis Threshold",328.4,5613,0.86643,1.00105,1.08236,"G:4:V"
5932,"Scarabian Horizon",43.8,2507,0.14724,0.44006,0.04836,"M:1:V"
3037,"Aladfar",1693.86,2458,0.19577,0.66019,0.06524,"M:8:V"
3680,"Mahsati",10.26,2611,0.43276,0.29436,0.02183,"M:2:V"
3661,"Quantraflux",415.67,2425,0.20175,0.05333,0.01948,"M:8:V"
7663,"Snowstrider",1050.72,4547,0.51004,0.94592,0.18254,"K:2:V"
8056,"Rasalas",650,3334,0.38265,0.23394,0.0315,"M:0:V"
1593,"Tianguan",49.46,3411,0.147,0.01938,0.01563,"M:2:V"
5477,"Chertan",581.463,2434,0.4038,0.64369,0.05286,"M:5:V"
8218,"Paikauhale",3320,3205,0.24149,0.28215,0.07289,"M:2:V"
7421,"Quantum Quasar",443,2979,0.19576,0.59152,0.05991,"M:2:V"
1574,"Hanami Echo",5970,4204,0.46463,0.79055,0.27247,"K:5:V"
7953,"Seishin",1196.74,2532,0.33651,0.56237,0.06012,"M:7:V"
873,"Quasarion",674.39,2490,0.32156,0.2245,0.00126,"M:5:V"
2301,"Hinotori Whispers",1054.36,3432,0.33574,0.65667,0.04906,"M:0:V"
7249,"Mira",105.1,2689,0.38552,0.60021,0.07155,"M:4:V"
801,"Bélénos",633.072,2631,0.2449,0.12259,0.05005,"M:4:V"
1269,"Vortexion",1178.83,2454,0.42745,0.08634,2e-04,"M:4:V"
9778,"Hannya Cosmos",25.3284,3247,0.14336,0.11717,0.04783,"M:2:V"
345,"Hannya's Silence",88.02,2463,0.38539,0.42875,0.00851,"M:8:V"
3854,"Asellus Australis",538.967,5413,0.87028,0.96296,1.15707,"G:4:V"
4979,"Alphecca",46.6224,2977,0.43748,0.32499,0.00048,"M:2:V"
2134,"Shogun's Loom",1160,3722,0.77818,0.7448,0.21495,"K:3:V"
5141,"Acrab",804,2526,0.13824,0.0456,0.06992,"M:5:V"
6181,"Sirius",409.819,2476,0.12985,0.55326,0.04216,"M:6:V"
4237,"Elkurud",889.442,2522,0.25847,0.5489,0.07454,"M:1:V"
1571,"Galactic Prism",33.05,3247,0.12613,0.46095,0.02274,"M:1:V"
7356,"Kirei",1204.8193,3998,0.48371,0.87467,0.09456,"K:7:V"
3674,"Alrescha",801.732,2620,0.08349,0.37836,0.01905,"M:3:V"
9046,"Alterf",878.23,3054,0.32737,0.29016,0.0786,"M:0:V"
9194,"Funi",270,5540,0.80252,1.04048,1.44625,"G:2:V"
3557,"Osiris Cascade",577.934,2400,0.1865,0.40472,0.05441,"M:4:V"
9739,"Suhail",116.99,4514,0.76962,0.78638,0.46739,"K:3:V"
3120,"Elysionix",2254.69,2833,0.21993,0.49215,0.00523,"M:1:V"
180,"Intercrus",226.829,2623,0.18464,0.52973,0.02634,"M:5:V"
9724,"Xamidimura",65.6,2508,0.36003,0.52164,0.06133,"M:5:V"
4232,"Chara",1409.84,2562,0.18116,0.46882,0.05857,"M:3:V"
4231,"Sakura Seraph",769.468,2839,0.40833,0.20584,0.05222,"M:3:V"
3060,"Naos",399.313,2810,0.21069,0.06658,0.02464,"M:4:V"
3342,"Ravenfury",662.032,2491,0.20959,0.07919,0.03452,"M:4:V"
1268,"Unukalhai",394.773,2799,0.32152,0.46997,0.04699,"M:2:V"
8494,"Intan",840,2467,0.31639,0.56336,0.06378,"M:8:V"
1498,"Yozora Labyrinth",820.951,4394,0.69171,0.93524,0.25461,"K:2:V"
3046,"Aozora Nebula",301.7,2480,0.35395,0.66215,0.07965,"M:2:V"
8058,"Aludra",927.558,2976,0.38824,0.26341,0.01556,"M:2:V"
8982,"Obelisk Whisper",120,3230,0.33077,0.68069,0.04022,"M:1:V"
1327,"Alphard",377.04,2736,0.37631,0.67484,0.02829,"M:4:V"
2222,"Talitha",1732.91,5528,1.01373,1.11503,1.00025,"G:5:V"
4779,"Merak",798.467,5475,0.88802,1.07809,1.10511,"G:5:V"
894,"Tabit",290,5598,0.8263,1.13224,1.35643,"G:3:V"
7455,"Illyrian",1819.51,3011,0.39378,0.26198,0.00484,"M:2:V"
1230,"Stellarastrum",760.3,5230,0.8744,1.02359,0.9199,"G:2:V"
7692,"Almach",1249.53,2694,0.38872,0.24991,0.07351,"M:5:V"
5098,"Miaplacidus",627.86,3765,0.58103,0.81699,0.16958,"K:2:V"
378,"Parumleo",147.2,3874,0.76712,0.7884,0.34843,"K:7:V"
3634,"Radiara",553.649,3247,0.24684,0.39862,0.06433,"M:1:V"
4580,"Sterrennacht",1434.42,3219,0.40643,0.68755,0.00305,"M:0:V"
4097,"Axólotl",3130,3095,0.33937,0.55582,0.03311,"M:3:V"
7439,"Tegmine",1091.11,3293,0.41263,0.28226,0.02905,"M:2:V"
4105,"Sakuya Nebula",1021.76,3971,0.71558,0.92802,0.20809,"K:3:V"
7447,"Lunar Mirage",547,2679,0.2813,0.45794,0.03412,"M:6:V"
6870,"Koi's Radiance",693.4,2458,0.34994,0.63872,0.02668,"M:4:V"
9972,"Aetherionyx",46.2,2565,0.31595,0.69914,0.0629,"M:2:V"
8789,"Aljanah",316.61,3202,0.2118,0.27172,0.04562,"M:1:V"
9719,"Morava",485,3247,0.33993,0.63835,0.02214,"M:3:V"
3656,"Nusakan",264.4,4635,0.73458,0.86409,0.12076,"K:3:V"
7448,"Subra",1189,3054,0.21208,0.44127,0.06053,"M:3:V"
7259,"Titawin",331,5350,1.02582,1.02156,1.41288,"G:4:V"
4339,"Angetenar",137.18,3489,0.28991,0.33407,0.06761,"M:0:V"
7731,"Rukbat",504.566,2764,0.22505,0.01435,0.06605,"M:2:V"
3314,"Etherionara",1025.72,5711,0.91125,1.14346,0.70914,"G:2:V"
6170,"Vermilion Expanse",27.3,3024,0.31619,0.58243,0.01129,"M:1:V"
3715,"Orionara",1142.05,3963,0.78809,0.8413,0.34087,"K:6:V"
9392,"Alniyat",270.117,2475,0.33668,0.14075,0.05801,"M:3:V"
7170,"Stellaria Whimsy",173.5,2486,0.37086,0.69588,0.07112,"M:3:V"
3303,"Salm",269.2,3062,0.2264,0.4417,0.01815,"M:3:V"
6429,"Hunahpú",946.611,5515,0.88623,1.0864,1.2176,"G:4:V"
6882,"Muphrid",95,2505,0.29426,0.30361,0.05409,"M:4:V"
3831,"Skyforged",7600,2494,0.28024,0.40293,0.00688,"M:0:V"
492,"Yugen",223.85,2917,0.42937,0.53318,0.07298,"M:1:V"
6978,"Nebulonix",124.24,2730,0.14691,0.45407,0.00284,"M:5:V"
5331,"Sekai Ember",393,2466,0.29603,0.45434,0.04615,"M:8:V"
7514,"Mago",71.4,2562,0.13491,0.26885,0.03283,"M:5:V"
4877,"Frostbinder",875.427,5281,0.86495,0.98555,0.74812,"G:2:V"
8875,"Markeb",766.636,2958,0.39811,0.38974,0.02409,"M:5:V"
6665,"Symbionix",315.906,2682,0.21768,0.11853,0.04399,"M:4:V"
1884,"Acrux",33.4,2507,0.29733,0.11656,0.03212,"M:2:V"
3701,"Veritate",1045.48,5542,0.93661,0.97928,0.78791,"G:5:V"
733,"Pulsarianix",936.944,3818,0.52162,0.75035,0.25071,"K:6:V"
9860,"Frostfang",650.34,3885,0.52364,0.77125,0.25161,"K:0:V"
4062,"Achernar",570.05,5524,0.81728,1.03053,1.45686,"G:2:V"
7707,"Amaterasu Mirage",14.4,2629,0.08131,0.3623,0.05812,"M:7:V"
6950,"Theemin",441.56,4689,0.77655,0.82394,0.0905,"K:2:V"
1568,"Minchir",75.1,2414,0.10913,0.21121,0.00389,"M:2:V"
8692,"Spectral Veil",98.4,4697,0.59123,0.87947,0.30946,"K:0:V"
8277,"Luminastra",2070,3077,0.41638,0.00149,0.00379,"M:3:V"
8837,"Chasoň",1553.0362,3849,0.49177,0.83647,0.5021,"K:5:V"
3081,"Musica",1522.77,3280,0.19828,0.56199,0.00227,"M:1:V"
9580,"Quanticus",129,2888,0.28966,0.15922,0.05728,"M:3:V"
7873,"Citadelle",114.29,3740,0.69248,0.85886,0.58213,"K:7:V"
1115,"Elgafar",700,2766,0.29834,0.49495,0.05721,"M:5:V"
8457,"Arcanara",37.36,5441,0.89538,1.11447,1.3633,"G:5:V"
1352,"Orion's Gaze",1267.59,3182,0.24494,0.2394,0.06767,"M:3:V"
1806,"Uchū",27.561,4146,0.64965,0.78359,0.25319,"K:5:V"
6172,"Nebulithra",211.1,5337,0.89547,1.03809,1.26973,"G:4:V"
7465,"Drakonir",6710,2612,0.25038,0.09998,0.03318,"M:7:V"
3177,"Phact",40,3825,0.49642,0.80749,0.21876,"K:0:V"
3913,"Alpheratz",39.7401,3314,0.10711,0.65551,0.03076,"M:2:V"
8608,"Brimstone",690.336,4649,0.65429,0.81659,0.553,"K:3:V"
824,"Titanic Mirage",800,4252,0.58262,0.95825,0.16938,"K:5:V"
7004,"Cosmosis",14.0078,3980,0.76411,0.73528,0.51683,"K:7:V"
4898,"Alnilam",22.42,4048,0.72172,0.81485,0.12912,"K:6:V"
2508,"Ascella",338.364,2472,0.30528,0.30366,0.05632,"M:3:V"
1243,"Iklil",1177.53,2471,0.24446,0.39791,0.00685,"M:3:V"
8540,"Olympus Anomaly",810.898,3771,0.46175,0.87664,0.42316,"K:2:V"
1965,"Orionyx",6100,2892,0.1113,0.44878,0.06576,"M:0:V"
1447,"Nekkar",25.4893,3229,0.44314,0.6516,0.00485,"M:3:V"
1972,"Kaze",990.44,2923,0.08158,0.48521,0.02569,"M:1:V"
7083,"Hatysa",571.47,4087,0.47594,0.87644,0.51545,"K:3:V"
8703,"Berehynia",437.2,2960,0.31377,0.22716,0.02208,"M:4:V"
3191,"Petra",849.312,2627,0.36129,0.18665,0.0621,"M:3:V"
5382,"Alsephina",320,2722,0.247,0.36775,0.07011,"M:4:V"
799,"Merope",2500,2713,0.21068,0.4183,0.03598,"M:2:V"
291,"Zypheria",753.409,4472,0.47257,0.86199,0.17104,"K:2:V"
7209,"Haruka Echoes",108.7,2664,0.13696,0.24642,0.01067,"M:5:V"
1463,"Beid",94.43,4357,0.60304,0.86776,0.45961,"K:4:V"
1152,"Enso",1402.72,3093,0.40737,0.10603,0.00298,"M:2:V"
7523,"Cosmic Elegance",138,4051,0.47823,0.94485,0.59513,"K:2:V"
5842,"Cosmic Whispers",508,3225,0.36868,0.49579,0.01554,"M:0:V"
2995,"Markab",99.5561,4266,0.49854,0.93119,0.30701,"K:4:V"
87,"Vortexara",1030.81,5405,0.88058,1.14415,0.82824,"G:2:V"
6456,"Lunarianth",759,4298,0.70613,0.77599,0.35866,"K:5:V"
7659,"Cassioth",32.36,4405,0.70407,0.74187,0.25561,"K:3:V"
2719,"Tesserara",657,2579,0.32002,0.39693,0.03382,"M:7:V"
3945,"Naledi",1084.13,2588,0.2204,0.26353,0.02782,"M:6:V"
8367,"Buna",106.3,2629,0.32023,0.48682,0.00028,"M:1:V"
3428,"Porrima",1450.33,3520,0.14687,0.58896,0.04723,"M:1:V"
2888,"Rigel",639,4051,0.66995,0.83433,0.44237,"K:3:V"
4920,"Aldhibah",406.985,3776,0.74665,0.90596,0.15505,"K:7:V"
8482,"Pipoltr",497,3192,0.16224,0.62815,0.05299,"M:0:V"
2180,"Diya",1197.63,3772,0.78214,0.86029,0.24611,"K:0:V"
4190,"Fulu",408.24,5549,0.94898,1.07048,1.14423,"G:3:V"
6367,"Etherios",708.165,4774,0.75888,0.86585,0.18336,"K:2:V"
7123,"Diadem",43.54,2769,0.31997,0.18457,0.00546,"M:5:V"
2229,"Castor",1240.69,2537,0.35058,0.49676,0.07409,"M:8:V"
9732,"Cosmaronix",252,2478,0.10014,0.4636,0.03299,"M:3:V"
6629,"Secunda Hyadum",619.74,5278,0.82369,0.99324,0.62084,"G:4:V"
9604,"Luminous Nexus",372.176,2844,0.44246,0.53,0.06022,"M:2:V"
5863,"Sāmaya",30.5,3733,0.67746,0.95684,0.2293,"K:3:V"
1612,"Nocturne Echo",62,2726,0.37588,0.5127,0.02996,"M:3:V"
2918,"Bosona",1800,2431,0.40052,0.32172,0.0551,"M:8:V"
9840,"Sakura",1440.75,5387,0.86433,1.09637,0.74127,"G:4:V"
8550,"Zubeneschamali",906,2401,0.23667,0.02703,0.06992,"M:6:V"
4677,"Tuiren",216.056,2494,0.19519,0.17276,0.04912,"M:3:V"
6603,"Kochab",1201.9,2676,0.24782,0.30842,0.04547,"M:1:V"
7997,"Thunderhoof",619.502,2835,0.27628,0.27421,0.00689,"M:2:V"
4354,"Celestial Serenity",1645,4341,0.71372,0.94226,0.25739,"K:2:V"
3892,"Cleopatra's Resonance",864.68,5307,0.95731,1.02709,1.13657,"G:2:V"
4404,"Nebuloria",272.73,2490,0.19488,0.29656,0.02653,"M:3:V"
493,"Mebsuta",651.783,2464,0.23885,0.66809,0.02635,"M:3:V"
51,"Quantumara",245,2939,0.44492,0.50606,0.06582,"M:3:V"
3176,"Tianyi",341.22,3909,0.7351,0.7487,0.55161,"K:5:V"
4013,"Amatsu Echo",578.168,3268,0.11305,0.08523,0.01933,"M:1:V"
9925,"Hathor's Labyrinth",443.371,2823,0.15194,0.6914,0.05046,"M:5:V"
5940,"Ronin's Cascade",89.8,2497,0.11245,0.47304,0.07452,"M:8:V"
4451,"Komorebi",516.087,2427,0.09255,0.25551,0.0194,"M:3:V"
1388,"Revati",5.079,4833,0.57251,0.7611,0.561,"K:2:V"
5992,"Samurai's Ember",828.363,3067,0.15736,0.22352,0.07322,"M:3:V"
263,"Karaka",3500,2508,0.10275,0.17179,0.07826,"M:4:V"
8310,"Mirach",532.42,2971,0.42235,0.21121,0.05472,"M:2:V"
686,"Ayame Cascade",863.1852,2711,0.4489,0.05845,0.01359,"M:3:V"
2268,"Cosmogon Enigma",151.791,4491,0.73471,0.94309,0.1428,"K:0:V"
3137,"Terebellum",55.1,3713,0.4517,0.92684,0.26481,"K:2:V"
9467,"Galaxix",865.2,3891,0.52961,0.95764,0.31746,"K:3:V"
654,"Sakura Mirage",1215.36,2657,0.24961,0.20993,0.03164,"M:0:V"
6946,"Amaterasu",267.465,3100,0.3148,0.60507,0.03032,"M:2:V"
605,"Deneb",38.05,3822,0.50959,0.71124,0.45155,"K:5:V"
1576,"Penumbralix",712.9,2549,0.32556,0.57921,0.0069,"M:5:V"
7477,"Bunda",338.19,2800,0.1776,0.13447,0.02103,"M:2:V"
7129,"Asterion Abyss",441.94,3469,0.16613,0.53761,0.0106,"M:0:V"
8548,"Quasarlynx",396.64,2795,0.20418,0.32325,0.04986,"M:5:V"
1801,"Pleione",34.8523,4007,0.73585,0.77097,0.28556,"K:0:V"
8828,"Cosmosol",1953.89,2983,0.37034,0.58047,0.02588,"M:4:V"
5683,"Tupã",7680,3941,0.66008,0.75177,0.55102,"K:3:V"
3481,"Starglow Haven",8.16,3297,0.4049,0.44272,0.04979,"M:2:V"
2499,"Aetherionis",1062.4,2950,0.24669,0.22449,0.05978,"M:3:V"
4906,"Blizzardclaw",532.955,5510,0.90752,1.06124,1.40997,"G:2:V"
734,"Rasalhague",46.73,2551,0.29258,0.00046,3e-04,"M:4:V"
9656,"Mizar",55.68,2628,0.26225,0.39005,0.03188,"M:1:V"
8634,"Galaxara",45.7,4015,0.7494,0.88443,0.13965,"K:7:V"
1131,"Kawa",800.07,2720,0.16405,0.23867,0.02852,"M:4:V"
1468,"Pollux",1350.44,5443,0.96982,1.01125,1.03116,"G:3:V"
4571,"Zaurak",98.43,4244,0.78941,0.85242,0.34715,"K:2:V"
1017,"Nemea Residue",723.97,2848,0.30206,0.0571,0.0067,"M:3:V"
4161,"Procyon",187.2,2558,0.33739,0.23383,0.076,"M:4:V"
8809,"Ignitara",423.35,4373,0.61401,0.92505,0.56568,"K:2:V"
5224,"Helixar",72.78,2733,0.21992,0.54576,0.07947,"M:5:V"
7458,"Gumala",868.659,2622,0.29796,0.69349,0.0611,"M:5:V"
1974,"Atakoraka",28.55,2511,0.20564,0.39655,0.0418,"M:8:V"
6813,"Cryptic Shadows",8.52,5333,0.99872,1.05838,1.1884,"G:3:V"
5330,"Helian Nebula",216.577,2652,0.39338,0.64041,0.06001,"M:5:V"
2979,"Dìwö",683.062,3191,0.30879,0.53252,0.02404,"M:2:V"
5012,"Fomalhaut",1518,5352,0.91707,1.09374,0.78049,"G:5:V"
8662,"Arcadian Whispers",183.48,5382,0.88453,1.12509,0.67364,"G:2:V"
6522,"Infinite Iris",468.1,4519,0.4632,0.86422,0.30365,"K:0:V"
1582,"Quasarionix",1097.33,3883,0.66792,0.95092,0.25454,"K:2:V"
3901,"Chamukuy",208.221,2963,0.21428,0.08111,0.05733,"M:5:V"
4613,"Beemim",123.297,5346,1.02535,1.08099,1.43788,"G:3:V"
8920,"Cocibolca",951.022,2564,0.21257,0.44098,0.02236,"M:3:V"
6818,"Stormweaver",1778.73,3170,0.16628,0.01737,0.06189,"M:3:V"
3361,"Asahi Horizon",44.58,2762,0.36625,0.01011,0.04461,"M:5:V"
8673,"Helionis",1413.83,4544,0.61487,0.91968,0.17706,"K:2:V"
8659,"Sora",558.815,3798,0.7254,0.77192,0.41189,"K:5:V"
121,"Hawkfire",4540,3929,0.70997,0.85657,0.19899,"K:3:V"
500,"Alkes",1468.43,2534,0.37914,0.19972,0.00225,"M:8:V"
4430,"Gudja",1111.85,3053,0.36631,0.22551,0.0643,"M:4:V"
3685,"Situla",7000,2548,0.0832,0.48231,0.07434,"M:0:V"
3573,"Hikari Nebula",358.5,2793,0.42712,0.61992,0.07079,"M:5:V"
8570,"Hassaleh",31.03,3764,0.78388,0.93275,0.5515,"K:3:V"
3333,"Nocturnal Silence",481.3,2967,0.23043,0.2881,0.00201,"M:3:V"
4570,"Atria",650.237,5785,0.91721,1.02716,1.08708,"G:2:V"
2171,"Frostbloom",369.8,3139,0.37826,0.43824,0.00505,"M:2:V"
3308,"Maia",557,2513,0.18535,0.28926,0.04548,"M:3:V"
1640,"Galaxy Seraph",6300,5297,0.99526,1.07987,1.24129,"G:5:V"
542,"Comet Shroud",74.8,2927,0.10805,0.62709,0.07002,"M:3:V"
7217,"Kagayaki",57.023,4497,0.75347,0.83587,0.31686,"K:4:V"
4005,"Arkab Posterior",802.504,2934,0.42231,0.15639,0.07153,"M:1:V"
137,"Sadr",43.932,3723,0.57744,0.75858,0.5891,"K:6:V"
7424,"Dalim",31.07,2662,0.17122,0.10652,0.04661,"M:5:V"
9079,"Menkib",89.637,2725,0.25416,0.14508,0.04576,"M:4:V"
5844,"Quantronix",229,5296,0.90469,1.06358,0.77565,"G:2:V"
9814,"Fang",62.7146,3250,0.12312,0.52271,0.03782,"M:3:V"
5128,"Solarionis",84.9,3988,0.70813,0.78273,0.4569,"K:5:V"
4418,"Nosaxa",355.54,4610,0.64166,0.95247,0.25903,"K:2:V"
6259,"Eonix",33.9,2499,0.10966,0.3415,0.05272,"M:7:V"
3840,"Sadalbari",752.445,4045,0.64612,0.79219,0.42392,"K:6:V"
615,"Lilii Borea",1182.5,2493,0.1532,0.43462,0.02508,"M:2:V"
5007,"Nebula Obscura",969.462,5531,1.02131,1.10562,1.0433,"G:2:V"
5655,"Kaus Australis",941.176,4302,0.53738,0.81797,0.5458,"K:5:V"
2960,"Vindemiatrix",49.5,2560,0.11329,0.20274,0.04206,"M:7:V"
9650,"Phecda",1355.75,2589,0.36772,0.53531,0.02862,"M:5:V"
5686,"Aldulfin",77.76,2711,0.14688,0.56512,0.03301,"M:5:V"
8519,"Kaus Borealis",1194.17,2631,0.41245,0.35057,0.04179,"M:7:V"
664,"Nervia",368.14,2790,0.32743,0.40699,0.05636,"M:5:V"
5241,"Quasarionyx",65.72,4121,0.72395,0.7646,0.24321,"K:3:V"
5261,"Xihe",296.6,2404,0.18152,0.53566,0.03206,"M:1:V"
1479,"Asahi",43.03,2548,0.14004,0.09939,0.04843,"M:6:V"
6569,"Alasia",340.965,2498,0.41245,0.08951,0.00569,"M:7:V"
4957,"Horna",1745.81,3129,0.25956,0.60354,0.00916,"M:2:V"
3393,"Lotus Echo",126.7,2988,0.25983,0.14756,0.07803,"M:3:V"
1235,"Ignitionara",501.229,2979,0.18761,0.23145,0.03843,"M:4:V"
1521,"Zubenelgenubi",850.991,2608,0.25982,0.68978,0.05668,"M:1:V"
39,"Kamikaze Ascendance",146,3167,0.31918,0.59357,0.00304,"M:2:V"
8178,"Pulsar Seraph",197.234,2608,0.13922,0.51217,0.07444,"M:5:V"
5600,"Kōri",299,2780,0.28942,0.28408,0.02663,"M:3:V"
6693,"Cervantes",1503.53,2504,0.41296,0.32878,0.01264,"M:3:V"
8863,"Lucilinburhuc",352.783,2786,0.15121,0.17182,0.05176,"M:6:V"
2512,"Ombria",1088.85,3388,0.1072,0.43455,0.03284,"M:1:V"
5616,"Sekhmet's Resonance",227.9,5452,0.9979,1.02509,0.96865,"G:3:V"
1354,"Bellatrix",176.965,3291,0.17214,0.65315,0.07122,"M:1:V"
1362,"Grumium",1744.29,3252,0.31653,0.37668,0.04291,"M:2:V"
2828,"Sagarmatha",78.93,3503,0.22783,0.54609,0.02766,"M:0:V"
1896,"Errai",52.5,3161,0.42146,0.31383,0.0199,"M:2:V"
7203,"Macondo",484.8,2877,0.42758,0.28097,0.04114,"M:2:V"
6542,"Horus' Gaze",44.3804,2537,0.1438,0.69896,0.00321,"M:2:V"
7954,"Helionyx",997.705,5470,0.83271,1.10167,1.32761,"G:4:V"
6732,"Tapecue",641.272,4736,0.74539,0.95868,0.59336,"K:2:V"
3731,"Alioth",327.3,5260,0.96126,1.07515,1.22611,"G:2:V"
3705,"Sceptrum",772.481,4759,0.51967,0.79381,0.20171,"K:0:V"
641,"Grimclaw",44.94,2713,0.23234,0.1635,0.03147,"M:3:V"
208,"Saiph",95.08,2982,0.08688,0.66556,0.02528,"M:2:V"
6444,"Astral Serenity",588.12,3090,0.44855,0.48598,0.02677,"M:3:V"
7728,"Sylvarix",3.3807,2401,0.12854,0.51306,0.06028,"M:8:V"
8436,"Anser",151,2446,0.438,0.23702,0.00838,"M:0:V"
5566,"Ain",38.6846,2492,0.39671,0.60313,0.06172,"M:6:V"
2697,"Tenshi Echoes",620.42,5673,0.86011,0.97694,1.43594,"G:2:V"
4455,"Barnard's Star",261.834,3059,0.12112,0.58688,0.07423,"M:2:V"
4359,"Anubis' Echo",135.17,2934,0.34966,0.01511,0.06922,"M:5:V"
3479,"Isis' Celestial",6950,2462,0.14584,0.62058,0.0551,"M:4:V"
4681,"Yūgen Shadows",536.107,2602,0.18703,0.36127,0.06955,"M:1:V"
200,"Umi Celestial",648.69,2551,0.21567,0.07483,0.06113,"M:4:V"
